DestinationID,Name,State,Type,Popularity,BestTimeToVisit,EstimatedCost
1,Taj Mahal,Uttar Pradesh,Historical,8.691906258695031,Nov-Feb,7000
2,Goa Beaches,Goa,Beach,8.605031858363876,Nov-Mar,9000
3,Jaipur City,Rajasthan,City,9.225372007612826,Oct-Mar,8000
4,Kerala Backwaters,Kerala,Nature,7.9773855361057935,Sep-Mar,8500
5,Leh Ladakh,Jammu and Kashmir,Adventure,8.399821878316247,Apr-Jun,9500
6,Taj Mahal,Uttar Pradesh,Historical,7.6489495441529245,Nov-Feb,7000
7,Goa Beaches,Goa,Beach,9.14506834197403,Nov-Mar,9000
8,Jaipur City,Rajasthan,City,9.4587045393854,Oct-Mar,8000
9,Kerala Backwaters,Kerala,Nature,9.260450137338132,Sep-Mar,8500
10,Leh Ladakh,Jammu and Kashmir,Adventure,8.811952081678728,Apr-Jun,9500
11,Taj Mahal,Uttar Pradesh,Historical,8.17770928252728,Nov-Feb,7000
12,Goa Beaches,Goa,Beach,8.084317505906522,Nov-Mar,9000
13,Jaipur City,Rajasthan,City,9.114721643188815,Oct-Mar,8000
14,Kerala Backwaters,Kerala,Nature,8.551426230833268,Sep-Mar,8500
15,Leh Ladakh,Jammu and Kashmir,Adventure,9.297389086740504,Apr-Jun,9500
16,Taj Mahal,Uttar Pradesh,Historical,8.337332881983857,Nov-Feb,7000
17,Goa Beaches,Goa,Beach,7.524150401549511,Nov-Mar,9000
18,Jaipur City,Rajasthan,City,8.332572923728481,Oct-Mar,8000
19,Kerala Backwaters,Kerala,Nature,9.01709023649701,Sep-Mar,8500
20,Leh Ladakh,Jammu and Kashmir,Adventure,8.930902395039807,Apr-Jun,9500
21,Taj Mahal,Uttar Pradesh,Historical,9.321865627407217,Nov-Feb,7000
22,Goa Beaches,Goa,Beach,7.745073501266791,Nov-Mar,9000
23,Jaipur City,Rajasthan,City,7.883349652185746,Oct-Mar,8000
24,Kerala Backwaters,Kerala,Nature,9.182423104129008,Sep-Mar,8500
25,Leh Ladakh,Jammu and Kashmir,Adventure,9.416526131108329,Apr-Jun,9500
26,Taj Mahal,Uttar Pradesh,Historical,9.088205553232354,Nov-Feb,7000
27,Goa Beaches,Goa,Beach,7.504499933755479,Nov-Mar,9000
28,Jaipur City,Rajasthan,City,8.471855314612888,Oct-Mar,8000
29,Kerala Backwaters,Kerala,Nature,8.320514389999829,Sep-Mar,8500
30,Leh Ladakh,Jammu and Kashmir,Adventure,7.930637906720852,Apr-Jun,9500
31,Taj Mahal,Uttar Pradesh,Historical,8.534267493855534,Nov-Feb,7000
32,Goa Beaches,Goa,Beach,7.8063301955187105,Nov-Mar,9000
33,Jaipur City,Rajasthan,City,7.684440449007848,Oct-Mar,8000
34,Kerala Backwaters,Kerala,Nature,8.206055639263237,Sep-Mar,8500
35,Leh Ladakh,Jammu and Kashmir,Adventure,8.115627955366532,Apr-Jun,9500
36,Taj Mahal,Uttar Pradesh,Historical,8.152769658316458,Nov-Feb,7000
37,Goa Beaches,Goa,Beach,8.874757885859394,Nov-Mar,9000
38,Jaipur City,Rajasthan,City,9.458687607787096,Oct-Mar,8000
39,Kerala Backwaters,Kerala,Nature,9.276722027226734,Sep-Mar,8500
40,Leh Ladakh,Jammu and Kashmir,Adventure,9.451473447708324,Apr-Jun,9500
41,Taj Mahal,Uttar Pradesh,Historical,9.45205627034071,Nov-Feb,7000
42,Goa Beaches,Goa,Beach,8.854828172623169,Nov-Mar,9000
43,Jaipur City,Rajasthan,City,8.935833780679161,Oct-Mar,8000
44,Kerala Backwaters,Kerala,Nature,8.844208014043545,Sep-Mar,8500
45,Leh Ladakh,Jammu and Kashmir,Adventure,8.987615299121257,Apr-Jun,9500
46,Taj Mahal,Uttar Pradesh,Historical,8.66663306287539,Nov-Feb,7000
47,Goa Beaches,Goa,Beach,7.726020724706562,Nov-Mar,9000
48,Jaipur City,Rajasthan,City,9.072662351480414,Oct-Mar,8000
49,Kerala Backwaters,Kerala,Nature,8.0159728308643,Sep-Mar,8500
50,Leh Ladakh,Jammu and Kashmir,Adventure,8.18047732584072,Apr-Jun,9500
51,Taj Mahal,Uttar Pradesh,Historical,8.329362264700663,Nov-Feb,7000
52,Goa Beaches,Goa,Beach,8.298754590990846,Nov-Mar,9000
53,Jaipur City,Rajasthan,City,8.399568313158765,Oct-Mar,8000
54,Kerala Backwaters,Kerala,Nature,8.116931496368345,Sep-Mar,8500
55,Leh Ladakh,Jammu and Kashmir,Adventure,7.560629646730556,Apr-Jun,9500
56,Taj Mahal,Uttar Pradesh,Historical,8.77933917498307,Nov-Feb,7000
57,Goa Beaches,Goa,Beach,8.061326287087322,Nov-Mar,9000
58,Jaipur City,Rajasthan,City,8.648115222412239,Oct-Mar,8000
59,Kerala Backwaters,Kerala,Nature,9.490122865222292,Sep-Mar,8500
60,Leh Ladakh,Jammu and Kashmir,Adventure,8.090294276209098,Apr-Jun,9500
61,Taj Mahal,Uttar Pradesh,Historical,9.255411351531992,Nov-Feb,7000
62,Goa Beaches,Goa,Beach,9.379786903532915,Nov-Mar,9000
63,Jaipur City,Rajasthan,City,9.202094230781736,Oct-Mar,8000
64,Kerala Backwaters,Kerala,Nature,7.995381521960635,Sep-Mar,8500
65,Leh Ladakh,Jammu and Kashmir,Adventure,8.264285623199319,Apr-Jun,9500
66,Taj Mahal,Uttar Pradesh,Historical,8.657185750902032,Nov-Feb,7000
67,Goa Beaches,Goa,Beach,7.593468221686345,Nov-Mar,9000
68,Jaipur City,Rajasthan,City,7.599766915318256,Oct-Mar,8000
69,Kerala Backwaters,Kerala,Nature,9.251449511759905,Sep-Mar,8500
70,Leh Ladakh,Jammu and Kashmir,Adventure,8.302199786049163,Apr-Jun,9500
71,Taj Mahal,Uttar Pradesh,Historical,7.918856059125499,Nov-Feb,7000
72,Goa Beaches,Goa,Beach,9.49812898326928,Nov-Mar,9000
73,Jaipur City,Rajasthan,City,9.365362186929548,Oct-Mar,8000
74,Kerala Backwaters,Kerala,Nature,8.61852560875922,Sep-Mar,8500
75,Leh Ladakh,Jammu and Kashmir,Adventure,8.051674304536373,Apr-Jun,9500
76,Taj Mahal,Uttar Pradesh,Historical,9.019776840711156,Nov-Feb,7000
77,Goa Beaches,Goa,Beach,8.72436552320658,Nov-Mar,9000
78,Jaipur City,Rajasthan,City,8.697245496090385,Oct-Mar,8000
79,Kerala Backwaters,Kerala,Nature,8.48262944456915,Sep-Mar,8500
80,Leh Ladakh,Jammu and Kashmir,Adventure,9.167168852535996,Apr-Jun,9500
81,Taj Mahal,Uttar Pradesh,Historical,8.113730398100675,Nov-Feb,7000
82,Goa Beaches,Goa,Beach,8.067416540924038,Nov-Mar,9000
83,Jaipur City,Rajasthan,City,9.25520276869782,Oct-Mar,8000
84,Kerala Backwaters,Kerala,Nature,9.33374854303011,Sep-Mar,8500
85,Leh Ladakh,Jammu and Kashmir,Adventure,7.877439168200071,Apr-Jun,9500
86,Taj Mahal,Uttar Pradesh,Historical,8.093807911279,Nov-Feb,7000
87,Goa Beaches,Goa,Beach,8.322799778823294,Nov-Mar,9000
88,Jaipur City,Rajasthan,City,9.018383603515831,Oct-Mar,8000
89,Kerala Backwaters,Kerala,Nature,8.686130970942902,Sep-Mar,8500
90,Leh Ladakh,Jammu and Kashmir,Adventure,7.864848872360961,Apr-Jun,9500
91,Taj Mahal,Uttar Pradesh,Historical,8.775155892425978,Nov-Feb,7000
92,Goa Beaches,Goa,Beach,7.842354721882594,Nov-Mar,9000
93,Jaipur City,Rajasthan,City,9.116298424696906,Oct-Mar,8000
94,Kerala Backwaters,Kerala,Nature,7.678657960181018,Sep-Mar,8500
95,Leh Ladakh,Jammu and Kashmir,Adventure,8.18716561676901,Apr-Jun,9500
96,Taj Mahal,Uttar Pradesh,Historical,8.984287702263758,Nov-Feb,7000
97,Goa Beaches,Goa,Beach,8.882535315140167,Nov-Mar,9000
98,Jaipur City,Rajasthan,City,7.511446246886857,Oct-Mar,8000
99,Kerala Backwaters,Kerala,Nature,8.154277486295694,Sep-Mar,8500
100,Leh Ladakh,Jammu and Kashmir,Adventure,8.55062227154497,Apr-Jun,9500
101,Taj Mahal,Uttar Pradesh,Historical,9.35787687156371,Nov-Feb,7000
102,Goa Beaches,Goa,Beach,7.901206474541698,Nov-Mar,9000
103,Jaipur City,Rajasthan,City,9.293866271159713,Oct-Mar,8000
104,Kerala Backwaters,Kerala,Nature,9.032056856576263,Sep-Mar,8500
105,Leh Ladakh,Jammu and Kashmir,Adventure,9.367695620218187,Apr-Jun,9500
106,Taj Mahal,Uttar Pradesh,Historical,8.494823560399388,Nov-Feb,7000
107,Goa Beaches,Goa,Beach,8.670099991881528,Nov-Mar,9000
108,Jaipur City,Rajasthan,City,8.180179995253692,Oct-Mar,8000
109,Kerala Backwaters,Kerala,Nature,8.024075275103758,Sep-Mar,8500
110,Leh Ladakh,Jammu and Kashmir,Adventure,8.885980061188206,Apr-Jun,9500
111,Taj Mahal,Uttar Pradesh,Historical,8.979764648904338,Nov-Feb,7000
112,Goa Beaches,Goa,Beach,8.196505600821453,Nov-Mar,9000
113,Jaipur City,Rajasthan,City,7.576534512918616,Oct-Mar,8000
114,Kerala Backwaters,Kerala,Nature,9.46714704036077,Sep-Mar,8500
115,Leh Ladakh,Jammu and Kashmir,Adventure,8.717346793179837,Apr-Jun,9500
116,Taj Mahal,Uttar Pradesh,Historical,8.636073233725135,Nov-Feb,7000
117,Goa Beaches,Goa,Beach,9.21979801445382,Nov-Mar,9000
118,Jaipur City,Rajasthan,City,7.69898565359074,Oct-Mar,8000
119,Kerala Backwaters,Kerala,Nature,8.953643159740016,Sep-Mar,8500
120,Leh Ladakh,Jammu and Kashmir,Adventure,7.928950861748308,Apr-Jun,9500
121,Taj Mahal,Uttar Pradesh,Historical,8.624112218256297,Nov-Feb,7000
122,Goa Beaches,Goa,Beach,7.791202932648026,Nov-Mar,9000
123,Jaipur City,Rajasthan,City,9.31595003961975,Oct-Mar,8000
124,Kerala Backwaters,Kerala,Nature,7.921320004258767,Sep-Mar,8500
125,Leh Ladakh,Jammu and Kashmir,Adventure,8.13647203127079,Apr-Jun,9500
126,Taj Mahal,Uttar Pradesh,Historical,8.271757062443388,Nov-Feb,7000
127,Goa Beaches,Goa,Beach,8.132745077467629,Nov-Mar,9000
128,Jaipur City,Rajasthan,City,7.513479447324053,Oct-Mar,8000
129,Kerala Backwaters,Kerala,Nature,9.066328357904666,Sep-Mar,8500
130,Leh Ladakh,Jammu and Kashmir,Adventure,9.46063445778344,Apr-Jun,9500
131,Taj Mahal,Uttar Pradesh,Historical,8.853926858989041,Nov-Feb,7000
132,Goa Beaches,Goa,Beach,8.188672007745929,Nov-Mar,9000
133,Jaipur City,Rajasthan,City,7.813559346844389,Oct-Mar,8000
134,Kerala Backwaters,Kerala,Nature,7.743269418238725,Sep-Mar,8500
135,Leh Ladakh,Jammu and Kashmir,Adventure,9.398122784522716,Apr-Jun,9500
136,Taj Mahal,Uttar Pradesh,Historical,8.15356207947505,Nov-Feb,7000
137,Goa Beaches,Goa,Beach,8.863570277264008,Nov-Mar,9000
138,Jaipur City,Rajasthan,City,9.195643436953048,Oct-Mar,8000
139,Kerala Backwaters,Kerala,Nature,8.426322913287258,Sep-Mar,8500
140,Leh Ladakh,Jammu and Kashmir,Adventure,8.907807740975244,Apr-Jun,9500
141,Taj Mahal,Uttar Pradesh,Historical,7.618133331669091,Nov-Feb,7000
142,Goa Beaches,Goa,Beach,7.601039201109356,Nov-Mar,9000
143,Jaipur City,Rajasthan,City,8.299735698712732,Oct-Mar,8000
144,Kerala Backwaters,Kerala,Nature,7.8305412284530735,Sep-Mar,8500
145,Leh Ladakh,Jammu and Kashmir,Adventure,9.388011428887994,Apr-Jun,9500
146,Taj Mahal,Uttar Pradesh,Historical,8.373844119971205,Nov-Feb,7000
147,Goa Beaches,Goa,Beach,7.770934466715671,Nov-Mar,9000
148,Jaipur City,Rajasthan,City,7.69274109154765,Oct-Mar,8000
149,Kerala Backwaters,Kerala,Nature,7.812523860815096,Sep-Mar,8500
150,Leh Ladakh,Jammu and Kashmir,Adventure,8.863872329774836,Apr-Jun,9500
151,Taj Mahal,Uttar Pradesh,Historical,9.450175079123191,Nov-Feb,7000
152,Goa Beaches,Goa,Beach,9.000248319359416,Nov-Mar,9000
153,Jaipur City,Rajasthan,City,9.072635913777948,Oct-Mar,8000
154,Kerala Backwaters,Kerala,Nature,9.48479754719289,Sep-Mar,8500
155,Leh Ladakh,Jammu and Kashmir,Adventure,7.933121408559026,Apr-Jun,9500
156,Taj Mahal,Uttar Pradesh,Historical,8.96758311752555,Nov-Feb,7000
157,Goa Beaches,Goa,Beach,7.607643334351276,Nov-Mar,9000
158,Jaipur City,Rajasthan,City,8.533439718586166,Oct-Mar,8000
159,Kerala Backwaters,Kerala,Nature,8.017566360422618,Sep-Mar,8500
160,Leh Ladakh,Jammu and Kashmir,Adventure,8.0366846404497,Apr-Jun,9500
161,Taj Mahal,Uttar Pradesh,Historical,7.738547101644033,Nov-Feb,7000
162,Goa Beaches,Goa,Beach,7.5447704698175055,Nov-Mar,9000
163,Jaipur City,Rajasthan,City,8.168780568830128,Oct-Mar,8000
164,Kerala Backwaters,Kerala,Nature,7.81836693407545,Sep-Mar,8500
165,Leh Ladakh,Jammu and Kashmir,Adventure,7.554650204523121,Apr-Jun,9500
166,Taj Mahal,Uttar Pradesh,Historical,7.967520190746358,Nov-Feb,7000
167,Goa Beaches,Goa,Beach,9.1852981894065,Nov-Mar,9000
168,Jaipur City,Rajasthan,City,7.634504263080543,Oct-Mar,8000
169,Kerala Backwaters,Kerala,Nature,7.686748942635202,Sep-Mar,8500
170,Leh Ladakh,Jammu and Kashmir,Adventure,7.848982805962368,Apr-Jun,9500
171,Taj Mahal,Uttar Pradesh,Historical,7.721043377213922,Nov-Feb,7000
172,Goa Beaches,Goa,Beach,9.486279939461564,Nov-Mar,9000
173,Jaipur City,Rajasthan,City,7.722252209890692,Oct-Mar,8000
174,Kerala Backwaters,Kerala,Nature,8.360692114959477,Sep-Mar,8500
175,Leh Ladakh,Jammu and Kashmir,Adventure,8.866219313947683,Apr-Jun,9500
176,Taj Mahal,Uttar Pradesh,Historical,8.165093921735247,Nov-Feb,7000
177,Goa Beaches,Goa,Beach,9.446896779006565,Nov-Mar,9000
178,Jaipur City,Rajasthan,City,8.544351694378236,Oct-Mar,8000
179,Kerala Backwaters,Kerala,Nature,8.299149270820505,Sep-Mar,8500
180,Leh Ladakh,Jammu and Kashmir,Adventure,8.091363134430685,Apr-Jun,9500
181,Taj Mahal,Uttar Pradesh,Historical,9.236840653145723,Nov-Feb,7000
182,Goa Beaches,Goa,Beach,8.332585021952074,Nov-Mar,9000
183,Jaipur City,Rajasthan,City,8.872498743885908,Oct-Mar,8000
184,Kerala Backwaters,Kerala,Nature,7.816345212118861,Sep-Mar,8500
185,Leh Ladakh,Jammu and Kashmir,Adventure,8.242881342868039,Apr-Jun,9500
186,Taj Mahal,Uttar Pradesh,Historical,8.118994457168691,Nov-Feb,7000
187,Goa Beaches,Goa,Beach,8.843079930515232,Nov-Mar,9000
188,Jaipur City,Rajasthan,City,8.202625978518912,Oct-Mar,8000
189,Kerala Backwaters,Kerala,Nature,8.649611762507414,Sep-Mar,8500
190,Leh Ladakh,Jammu and Kashmir,Adventure,9.150588626183191,Apr-Jun,9500
191,Taj Mahal,Uttar Pradesh,Historical,8.072256876114661,Nov-Feb,7000
192,Goa Beaches,Goa,Beach,8.419905788920559,Nov-Mar,9000
193,Jaipur City,Rajasthan,City,7.672819736516948,Oct-Mar,8000
194,Kerala Backwaters,Kerala,Nature,7.764994888805412,Sep-Mar,8500
195,Leh Ladakh,Jammu and Kashmir,Adventure,9.09297245471366,Apr-Jun,9500
196,Taj Mahal,Uttar Pradesh,Historical,8.393643741715653,Nov-Feb,7000
197,Goa Beaches,Goa,Beach,9.433855269535494,Nov-Mar,9000
198,Jaipur City,Rajasthan,City,8.25589320047637,Oct-Mar,8000
199,Kerala Backwaters,Kerala,Nature,9.112874173872637,Sep-Mar,8500
200,Leh Ladakh,Jammu and Kashmir,Adventure,7.77167518972464,Apr-Jun,9500
201,Taj Mahal,Uttar Pradesh,Historical,7.653509093644129,Nov-Feb,7000
202,Goa Beaches,Goa,Beach,8.24671865641993,Nov-Mar,9000
203,Jaipur City,Rajasthan,City,9.04284018561824,Oct-Mar,8000
204,Kerala Backwaters,Kerala,Nature,7.96348370355229,Sep-Mar,8500
205,Leh Ladakh,Jammu and Kashmir,Adventure,8.456754675076878,Apr-Jun,9500
206,Taj Mahal,Uttar Pradesh,Historical,9.282226276103572,Nov-Feb,7000
207,Goa Beaches,Goa,Beach,8.560557283746103,Nov-Mar,9000
208,Jaipur City,Rajasthan,City,9.232664943302456,Oct-Mar,8000
209,Kerala Backwaters,Kerala,Nature,7.650543289908463,Sep-Mar,8500
210,Leh Ladakh,Jammu and Kashmir,Adventure,8.277611273067814,Apr-Jun,9500
211,Taj Mahal,Uttar Pradesh,Historical,8.188261257930963,Nov-Feb,7000
212,Goa Beaches,Goa,Beach,9.149424673009314,Nov-Mar,9000
213,Jaipur City,Rajasthan,City,7.971646077114067,Oct-Mar,8000
214,Kerala Backwaters,Kerala,Nature,8.37824470003113,Sep-Mar,8500
215,Leh Ladakh,Jammu and Kashmir,Adventure,7.584036611041155,Apr-Jun,9500
216,Taj Mahal,Uttar Pradesh,Historical,9.36720219996661,Nov-Feb,7000
217,Goa Beaches,Goa,Beach,9.14476464169103,Nov-Mar,9000
218,Jaipur City,Rajasthan,City,9.034168574407344,Oct-Mar,8000
219,Kerala Backwaters,Kerala,Nature,9.23761035529466,Sep-Mar,8500
220,Leh Ladakh,Jammu and Kashmir,Adventure,8.869504608299943,Apr-Jun,9500
221,Taj Mahal,Uttar Pradesh,Historical,8.719051821566694,Nov-Feb,7000
222,Goa Beaches,Goa,Beach,8.240843057485613,Nov-Mar,9000
223,Jaipur City,Rajasthan,City,8.936949815863377,Oct-Mar,8000
224,Kerala Backwaters,Kerala,Nature,8.077912596148288,Sep-Mar,8500
225,Leh Ladakh,Jammu and Kashmir,Adventure,8.793334588772431,Apr-Jun,9500
226,Taj Mahal,Uttar Pradesh,Historical,7.721478393909334,Nov-Feb,7000
227,Goa Beaches,Goa,Beach,8.882153318904079,Nov-Mar,9000
228,Jaipur City,Rajasthan,City,8.534275498218907,Oct-Mar,8000
229,Kerala Backwaters,Kerala,Nature,7.603935909874509,Sep-Mar,8500
230,Leh Ladakh,Jammu and Kashmir,Adventure,7.619039723254248,Apr-Jun,9500
231,Taj Mahal,Uttar Pradesh,Historical,7.788256139986302,Nov-Feb,7000
232,Goa Beaches,Goa,Beach,8.789144742286863,Nov-Mar,9000
233,Jaipur City,Rajasthan,City,7.782973981393143,Oct-Mar,8000
234,Kerala Backwaters,Kerala,Nature,9.420960540403104,Sep-Mar,8500
235,Leh Ladakh,Jammu and Kashmir,Adventure,8.734064597506109,Apr-Jun,9500
236,Taj Mahal,Uttar Pradesh,Historical,8.42477279242355,Nov-Feb,7000
237,Goa Beaches,Goa,Beach,8.160740974111713,Nov-Mar,9000
238,Jaipur City,Rajasthan,City,8.127785896913094,Oct-Mar,8000
239,Kerala Backwaters,Kerala,Nature,8.757659224866991,Sep-Mar,8500
240,Leh Ladakh,Jammu and Kashmir,Adventure,8.51845220238507,Apr-Jun,9500
241,Taj Mahal,Uttar Pradesh,Historical,7.668642704912232,Nov-Feb,7000
242,Goa Beaches,Goa,Beach,9.164688152340853,Nov-Mar,9000
243,Jaipur City,Rajasthan,City,9.068862539358657,Oct-Mar,8000
244,Kerala Backwaters,Kerala,Nature,9.011521245140806,Sep-Mar,8500
245,Leh Ladakh,Jammu and Kashmir,Adventure,9.459953313645835,Apr-Jun,9500
246,Taj Mahal,Uttar Pradesh,Historical,8.617311411386703,Nov-Feb,7000
247,Goa Beaches,Goa,Beach,9.153509849210488,Nov-Mar,9000
248,Jaipur City,Rajasthan,City,7.879027092891848,Oct-Mar,8000
249,Kerala Backwaters,Kerala,Nature,8.89428404394321,Sep-Mar,8500
250,Leh Ladakh,Jammu and Kashmir,Adventure,9.151090722807776,Apr-Jun,9500
251,Taj Mahal,Uttar Pradesh,Historical,8.041916757088895,Nov-Feb,7000
252,Goa Beaches,Goa,Beach,8.836459649194737,Nov-Mar,9000
253,Jaipur City,Rajasthan,City,8.125034098865065,Oct-Mar,8000
254,Kerala Backwaters,Kerala,Nature,9.143167495034348,Sep-Mar,8500
255,Leh Ladakh,Jammu and Kashmir,Adventure,8.59789687012441,Apr-Jun,9500
256,Taj Mahal,Uttar Pradesh,Historical,8.403655361533389,Nov-Feb,7000
257,Goa Beaches,Goa,Beach,8.284116199094758,Nov-Mar,9000
258,Jaipur City,Rajasthan,City,7.617165381372276,Oct-Mar,8000
259,Kerala Backwaters,Kerala,Nature,8.382675748307422,Sep-Mar,8500
260,Leh Ladakh,Jammu and Kashmir,Adventure,7.917003558302456,Apr-Jun,9500
261,Taj Mahal,Uttar Pradesh,Historical,8.083688761192684,Nov-Feb,7000
262,Goa Beaches,Goa,Beach,7.758783397757156,Nov-Mar,9000
263,Jaipur City,Rajasthan,City,9.407835019184882,Oct-Mar,8000
264,Kerala Backwaters,Kerala,Nature,8.025088514803304,Sep-Mar,8500
265,Leh Ladakh,Jammu and Kashmir,Adventure,9.1417227262193,Apr-Jun,9500
266,Taj Mahal,Uttar Pradesh,Historical,8.91877315803813,Nov-Feb,7000
267,Goa Beaches,Goa,Beach,8.813848708103913,Nov-Mar,9000
268,Jaipur City,Rajasthan,City,8.015626863328043,Oct-Mar,8000
269,Kerala Backwaters,Kerala,Nature,7.588087849193326,Sep-Mar,8500
270,Leh Ladakh,Jammu and Kashmir,Adventure,8.434929744953086,Apr-Jun,9500
271,Taj Mahal,Uttar Pradesh,Historical,9.23228996203718,Nov-Feb,7000
272,Goa Beaches,Goa,Beach,7.935193696560209,Nov-Mar,9000
273,Jaipur City,Rajasthan,City,9.324373462793442,Oct-Mar,8000
274,Kerala Backwaters,Kerala,Nature,7.777024607207728,Sep-Mar,8500
275,Leh Ladakh,Jammu and Kashmir,Adventure,8.388578037562013,Apr-Jun,9500
276,Taj Mahal,Uttar Pradesh,Historical,7.591070676890291,Nov-Feb,7000
277,Goa Beaches,Goa,Beach,8.694303252963497,Nov-Mar,9000
278,Jaipur City,Rajasthan,City,9.120385789350228,Oct-Mar,8000
279,Kerala Backwaters,Kerala,Nature,7.841206949727761,Sep-Mar,8500
280,Leh Ladakh,Jammu and Kashmir,Adventure,7.639341731351649,Apr-Jun,9500
281,Taj Mahal,Uttar Pradesh,Historical,9.43086446632471,Nov-Feb,7000
282,Goa Beaches,Goa,Beach,8.888987617087139,Nov-Mar,9000
283,Jaipur City,Rajasthan,City,8.219242611520933,Oct-Mar,8000
284,Kerala Backwaters,Kerala,Nature,9.01486652208098,Sep-Mar,8500
285,Leh Ladakh,Jammu and Kashmir,Adventure,8.992391383757372,Apr-Jun,9500
286,Taj Mahal,Uttar Pradesh,Historical,9.362001470283614,Nov-Feb,7000
287,Goa Beaches,Goa,Beach,9.171525350501778,Nov-Mar,9000
288,Jaipur City,Rajasthan,City,8.1727822883656,Oct-Mar,8000
289,Kerala Backwaters,Kerala,Nature,7.844009444111711,Sep-Mar,8500
290,Leh Ladakh,Jammu and Kashmir,Adventure,7.934186545996741,Apr-Jun,9500
291,Taj Mahal,Uttar Pradesh,Historical,8.571800372009168,Nov-Feb,7000
292,Goa Beaches,Goa,Beach,8.259128922273915,Nov-Mar,9000
293,Jaipur City,Rajasthan,City,7.534360802624437,Oct-Mar,8000
294,Kerala Backwaters,Kerala,Nature,8.553046939554307,Sep-Mar,8500
295,Leh Ladakh,Jammu and Kashmir,Adventure,9.301807912303714,Apr-Jun,9500
296,Taj Mahal,Uttar Pradesh,Historical,8.01345163279451,Nov-Feb,7000
297,Goa Beaches,Goa,Beach,7.633292996550987,Nov-Mar,9000
298,Jaipur City,Rajasthan,City,8.804695152197962,Oct-Mar,8000
299,Kerala Backwaters,Kerala,Nature,8.966364802325172,Sep-Mar,8500
300,Leh Ladakh,Jammu and Kashmir,Adventure,7.799198881540521,Apr-Jun,9500
301,Taj Mahal,Uttar Pradesh,Historical,8.634308850859137,Nov-Feb,7000
302,Goa Beaches,Goa,Beach,7.64928107708147,Nov-Mar,9000
303,Jaipur City,Rajasthan,City,9.356796584275807,Oct-Mar,8000
304,Kerala Backwaters,Kerala,Nature,8.61120828898768,Sep-Mar,8500
305,Leh Ladakh,Jammu and Kashmir,Adventure,8.111872493591813,Apr-Jun,9500
306,Taj Mahal,Uttar Pradesh,Historical,8.4480644643696,Nov-Feb,7000
307,Goa Beaches,Goa,Beach,8.41986035294417,Nov-Mar,9000
308,Jaipur City,Rajasthan,City,8.122052827503532,Oct-Mar,8000
309,Kerala Backwaters,Kerala,Nature,8.122685722841448,Sep-Mar,8500
310,Leh Ladakh,Jammu and Kashmir,Adventure,7.862071974081125,Apr-Jun,9500
311,Taj Mahal,Uttar Pradesh,Historical,8.093952306204637,Nov-Feb,7000
312,Goa Beaches,Goa,Beach,7.923067612961262,Nov-Mar,9000
313,Jaipur City,Rajasthan,City,8.160495549722198,Oct-Mar,8000
314,Kerala Backwaters,Kerala,Nature,7.923207093856658,Sep-Mar,8500
315,Leh Ladakh,Jammu and Kashmir,Adventure,7.746686189763855,Apr-Jun,9500
316,Taj Mahal,Uttar Pradesh,Historical,8.03328074273946,Nov-Feb,7000
317,Goa Beaches,Goa,Beach,8.61779577553025,Nov-Mar,9000
318,Jaipur City,Rajasthan,City,7.79913244942954,Oct-Mar,8000
319,Kerala Backwaters,Kerala,Nature,8.84963555984027,Sep-Mar,8500
320,Leh Ladakh,Jammu and Kashmir,Adventure,8.353685271308148,Apr-Jun,9500
321,Taj Mahal,Uttar Pradesh,Historical,9.146376228258996,Nov-Feb,7000
322,Goa Beaches,Goa,Beach,7.875971584786738,Nov-Mar,9000
323,Jaipur City,Rajasthan,City,8.130587468948864,Oct-Mar,8000
324,Kerala Backwaters,Kerala,Nature,7.662104838922936,Sep-Mar,8500
325,Leh Ladakh,Jammu and Kashmir,Adventure,7.767402106418881,Apr-Jun,9500
326,Taj Mahal,Uttar Pradesh,Historical,8.206421939119537,Nov-Feb,7000
327,Goa Beaches,Goa,Beach,8.382390141309063,Nov-Mar,9000
328,Jaipur City,Rajasthan,City,8.631489840212462,Oct-Mar,8000
329,Kerala Backwaters,Kerala,Nature,8.214897900478032,Sep-Mar,8500
330,Leh Ladakh,Jammu and Kashmir,Adventure,7.63573528781037,Apr-Jun,9500
331,Taj Mahal,Uttar Pradesh,Historical,9.082935360672389,Nov-Feb,7000
332,Goa Beaches,Goa,Beach,8.942874660350423,Nov-Mar,9000
333,Jaipur City,Rajasthan,City,7.632343966795443,Oct-Mar,8000
334,Kerala Backwaters,Kerala,Nature,8.710665370439624,Sep-Mar,8500
335,Leh Ladakh,Jammu and Kashmir,Adventure,9.310237104496576,Apr-Jun,9500
336,Taj Mahal,Uttar Pradesh,Historical,9.26879230848542,Nov-Feb,7000
337,Goa Beaches,Goa,Beach,8.576362703436722,Nov-Mar,9000
338,Jaipur City,Rajasthan,City,8.139654822360953,Oct-Mar,8000
339,Kerala Backwaters,Kerala,Nature,8.568613099478302,Sep-Mar,8500
340,Leh Ladakh,Jammu and Kashmir,Adventure,9.051578730223218,Apr-Jun,9500
341,Taj Mahal,Uttar Pradesh,Historical,8.408281456588794,Nov-Feb,7000
342,Goa Beaches,Goa,Beach,9.379923842860553,Nov-Mar,9000
343,Jaipur City,Rajasthan,City,7.873481445510227,Oct-Mar,8000
344,Kerala Backwaters,Kerala,Nature,9.162324692301334,Sep-Mar,8500
345,Leh Ladakh,Jammu and Kashmir,Adventure,9.315488065792977,Apr-Jun,9500
346,Taj Mahal,Uttar Pradesh,Historical,8.969950615777162,Nov-Feb,7000
347,Goa Beaches,Goa,Beach,7.920959927553192,Nov-Mar,9000
348,Jaipur City,Rajasthan,City,8.013552975522641,Oct-Mar,8000
349,Kerala Backwaters,Kerala,Nature,8.18621530520951,Sep-Mar,8500
350,Leh Ladakh,Jammu and Kashmir,Adventure,7.950916521545693,Apr-Jun,9500
351,Taj Mahal,Uttar Pradesh,Historical,8.488999182063221,Nov-Feb,7000
352,Goa Beaches,Goa,Beach,7.946596794608405,Nov-Mar,9000
353,Jaipur City,Rajasthan,City,9.29747082018926,Oct-Mar,8000
354,Kerala Backwaters,Kerala,Nature,7.760694703272286,Sep-Mar,8500
355,Leh Ladakh,Jammu and Kashmir,Adventure,8.057546789498799,Apr-Jun,9500
356,Taj Mahal,Uttar Pradesh,Historical,8.606176983767309,Nov-Feb,7000
357,Goa Beaches,Goa,Beach,8.314502184896275,Nov-Mar,9000
358,Jaipur City,Rajasthan,City,7.738761292909418,Oct-Mar,8000
359,Kerala Backwaters,Kerala,Nature,7.832207353651939,Sep-Mar,8500
360,Leh Ladakh,Jammu and Kashmir,Adventure,8.117132891287836,Apr-Jun,9500
361,Taj Mahal,Uttar Pradesh,Historical,8.134764369094412,Nov-Feb,7000
362,Goa Beaches,Goa,Beach,8.908499371844,Nov-Mar,9000
363,Jaipur City,Rajasthan,City,8.857005319987184,Oct-Mar,8000
364,Kerala Backwaters,Kerala,Nature,8.029543990563425,Sep-Mar,8500
365,Leh Ladakh,Jammu and Kashmir,Adventure,8.878382688353271,Apr-Jun,9500
366,Taj Mahal,Uttar Pradesh,Historical,9.266030293290664,Nov-Feb,7000
367,Goa Beaches,Goa,Beach,8.445148546462805,Nov-Mar,9000
368,Jaipur City,Rajasthan,City,8.00825181627746,Oct-Mar,8000
369,Kerala Backwaters,Kerala,Nature,7.526677667953975,Sep-Mar,8500
370,Leh Ladakh,Jammu and Kashmir,Adventure,8.35737821975577,Apr-Jun,9500
371,Taj Mahal,Uttar Pradesh,Historical,8.32089647558579,Nov-Feb,7000
372,Goa Beaches,Goa,Beach,7.824610910350504,Nov-Mar,9000
373,Jaipur City,Rajasthan,City,9.276956975859664,Oct-Mar,8000
374,Kerala Backwaters,Kerala,Nature,9.27098132194643,Sep-Mar,8500
375,Leh Ladakh,Jammu and Kashmir,Adventure,8.44823537077092,Apr-Jun,9500
376,Taj Mahal,Uttar Pradesh,Historical,9.483879397405463,Nov-Feb,7000
377,Goa Beaches,Goa,Beach,7.92228615054826,Nov-Mar,9000
378,Jaipur City,Rajasthan,City,9.36474701059834,Oct-Mar,8000
379,Kerala Backwaters,Kerala,Nature,7.710901822596214,Sep-Mar,8500
380,Leh Ladakh,Jammu and Kashmir,Adventure,8.658172608842527,Apr-Jun,9500
381,Taj Mahal,Uttar Pradesh,Historical,9.30052503102598,Nov-Feb,7000
382,Goa Beaches,Goa,Beach,8.487140997084705,Nov-Mar,9000
383,Jaipur City,Rajasthan,City,8.70695511642636,Oct-Mar,8000
384,Kerala Backwaters,Kerala,Nature,8.63256261554465,Sep-Mar,8500
385,Leh Ladakh,Jammu and Kashmir,Adventure,8.051203902011398,Apr-Jun,9500
386,Taj Mahal,Uttar Pradesh,Historical,9.46333200145262,Nov-Feb,7000
387,Goa Beaches,Goa,Beach,8.763403696969464,Nov-Mar,9000
388,Jaipur City,Rajasthan,City,9.151665484353009,Oct-Mar,8000
389,Kerala Backwaters,Kerala,Nature,9.40914617773771,Sep-Mar,8500
390,Leh Ladakh,Jammu and Kashmir,Adventure,8.854728503825909,Apr-Jun,9500
391,Taj Mahal,Uttar Pradesh,Historical,8.937176476917816,Nov-Feb,7000
392,Goa Beaches,Goa,Beach,8.65903274744209,Nov-Mar,9000
393,Jaipur City,Rajasthan,City,8.429521721872453,Oct-Mar,8000
394,Kerala Backwaters,Kerala,Nature,8.884525796968724,Sep-Mar,8500
395,Leh Ladakh,Jammu and Kashmir,Adventure,8.879069809066051,Apr-Jun,9500
396,Taj Mahal,Uttar Pradesh,Historical,9.113864702192004,Nov-Feb,7000
397,Goa Beaches,Goa,Beach,8.739477476072606,Nov-Mar,9000
398,Jaipur City,Rajasthan,City,8.33295003386784,Oct-Mar,8000
399,Kerala Backwaters,Kerala,Nature,8.376325562448297,Sep-Mar,8500
400,Leh Ladakh,Jammu and Kashmir,Adventure,9.120122756229376,Apr-Jun,9500
401,Taj Mahal,Uttar Pradesh,Historical,8.033376557417458,Nov-Feb,7000
402,Goa Beaches,Goa,Beach,8.050919516333472,Nov-Mar,9000
403,Jaipur City,Rajasthan,City,8.578600554982318,Oct-Mar,8000
404,Kerala Backwaters,Kerala,Nature,9.28938699420442,Sep-Mar,8500
405,Leh Ladakh,Jammu and Kashmir,Adventure,8.266309519533893,Apr-Jun,9500
406,Taj Mahal,Uttar Pradesh,Historical,8.13824601276976,Nov-Feb,7000
407,Goa Beaches,Goa,Beach,8.685967653034197,Nov-Mar,9000
408,Jaipur City,Rajasthan,City,7.789753610332566,Oct-Mar,8000
409,Kerala Backwaters,Kerala,Nature,7.695324251011531,Sep-Mar,8500
410,Leh Ladakh,Jammu and Kashmir,Adventure,9.056239628784924,Apr-Jun,9500
411,Taj Mahal,Uttar Pradesh,Historical,8.284126727805766,Nov-Feb,7000
412,Goa Beaches,Goa,Beach,8.056589740959444,Nov-Mar,9000
413,Jaipur City,Rajasthan,City,9.164900243709798,Oct-Mar,8000
414,Kerala Backwaters,Kerala,Nature,8.41852933200488,Sep-Mar,8500
415,Leh Ladakh,Jammu and Kashmir,Adventure,8.650437608917823,Apr-Jun,9500
416,Taj Mahal,Uttar Pradesh,Historical,9.327014780224204,Nov-Feb,7000
417,Goa Beaches,Goa,Beach,7.799317152894507,Nov-Mar,9000
418,Jaipur City,Rajasthan,City,8.571570122764205,Oct-Mar,8000
419,Kerala Backwaters,Kerala,Nature,8.165654259803166,Sep-Mar,8500
420,Leh Ladakh,Jammu and Kashmir,Adventure,9.333012518480867,Apr-Jun,9500
421,Taj Mahal,Uttar Pradesh,Historical,8.912423770627766,Nov-Feb,7000
422,Goa Beaches,Goa,Beach,7.9629327439636866,Nov-Mar,9000
423,Jaipur City,Rajasthan,City,8.427042499188698,Oct-Mar,8000
424,Kerala Backwaters,Kerala,Nature,8.016517304482331,Sep-Mar,8500
425,Leh Ladakh,Jammu and Kashmir,Adventure,7.677908499077882,Apr-Jun,9500
426,Taj Mahal,Uttar Pradesh,Historical,7.742346085788473,Nov-Feb,7000
427,Goa Beaches,Goa,Beach,8.049399731297333,Nov-Mar,9000
428,Jaipur City,Rajasthan,City,9.229663135604667,Oct-Mar,8000
429,Kerala Backwaters,Kerala,Nature,8.186484600129791,Sep-Mar,8500
430,Leh Ladakh,Jammu and Kashmir,Adventure,7.528160810117106,Apr-Jun,9500
431,Taj Mahal,Uttar Pradesh,Historical,8.45973062297419,Nov-Feb,7000
432,Goa Beaches,Goa,Beach,8.839626409332572,Nov-Mar,9000
433,Jaipur City,Rajasthan,City,8.683728793384567,Oct-Mar,8000
434,Kerala Backwaters,Kerala,Nature,8.707253748746416,Sep-Mar,8500
435,Leh Ladakh,Jammu and Kashmir,Adventure,8.316001911390781,Apr-Jun,9500
436,Taj Mahal,Uttar Pradesh,Historical,7.728114076451941,Nov-Feb,7000
437,Goa Beaches,Goa,Beach,7.987106149468621,Nov-Mar,9000
438,Jaipur City,Rajasthan,City,8.465558405614521,Oct-Mar,8000
439,Kerala Backwaters,Kerala,Nature,8.208388595361088,Sep-Mar,8500
440,Leh Ladakh,Jammu and Kashmir,Adventure,8.224548104826292,Apr-Jun,9500
441,Taj Mahal,Uttar Pradesh,Historical,7.865953290683349,Nov-Feb,7000
442,Goa Beaches,Goa,Beach,8.459808776651839,Nov-Mar,9000
443,Jaipur City,Rajasthan,City,9.225300608752708,Oct-Mar,8000
444,Kerala Backwaters,Kerala,Nature,8.308543307938688,Sep-Mar,8500
445,Leh Ladakh,Jammu and Kashmir,Adventure,7.845173227424654,Apr-Jun,9500
446,Taj Mahal,Uttar Pradesh,Historical,8.09180966649682,Nov-Feb,7000
447,Goa Beaches,Goa,Beach,8.888745118422108,Nov-Mar,9000
448,Jaipur City,Rajasthan,City,8.531272858594322,Oct-Mar,8000
449,Kerala Backwaters,Kerala,Nature,7.900632192964087,Sep-Mar,8500
450,Leh Ladakh,Jammu and Kashmir,Adventure,8.390879272653267,Apr-Jun,9500
451,Taj Mahal,Uttar Pradesh,Historical,7.948981237202266,Nov-Feb,7000
452,Goa Beaches,Goa,Beach,7.710238850545792,Nov-Mar,9000
453,Jaipur City,Rajasthan,City,8.426026820095585,Oct-Mar,8000
454,Kerala Backwaters,Kerala,Nature,8.250765565651493,Sep-Mar,8500
455,Leh Ladakh,Jammu and Kashmir,Adventure,7.889359194048391,Apr-Jun,9500
456,Taj Mahal,Uttar Pradesh,Historical,7.509850241166378,Nov-Feb,7000
457,Goa Beaches,Goa,Beach,9.348468751483985,Nov-Mar,9000
458,Jaipur City,Rajasthan,City,9.04884504620765,Oct-Mar,8000
459,Kerala Backwaters,Kerala,Nature,8.231034030468606,Sep-Mar,8500
460,Leh Ladakh,Jammu and Kashmir,Adventure,8.25449220912482,Apr-Jun,9500
461,Taj Mahal,Uttar Pradesh,Historical,8.54049334743632,Nov-Feb,7000
462,Goa Beaches,Goa,Beach,7.625998220803341,Nov-Mar,9000
463,Jaipur City,Rajasthan,City,8.981270231292,Oct-Mar,8000
464,Kerala Backwaters,Kerala,Nature,8.555128223838274,Sep-Mar,8500
465,Leh Ladakh,Jammu and Kashmir,Adventure,7.761543597697145,Apr-Jun,9500
466,Taj Mahal,Uttar Pradesh,Historical,8.25089870590044,Nov-Feb,7000
467,Goa Beaches,Goa,Beach,8.025486409324685,Nov-Mar,9000
468,Jaipur City,Rajasthan,City,9.47910151784028,Oct-Mar,8000
469,Kerala Backwaters,Kerala,Nature,8.661784765251305,Sep-Mar,8500
470,Leh Ladakh,Jammu and Kashmir,Adventure,8.93195095213289,Apr-Jun,9500
471,Taj Mahal,Uttar Pradesh,Historical,9.431015219195524,Nov-Feb,7000
472,Goa Beaches,Goa,Beach,9.276219098262825,Nov-Mar,9000
473,Jaipur City,Rajasthan,City,8.138557734045776,Oct-Mar,8000
474,Kerala Backwaters,Kerala,Nature,7.780303814451599,Sep-Mar,8500
475,Leh Ladakh,Jammu and Kashmir,Adventure,8.439314463538002,Apr-Jun,9500
476,Taj Mahal,Uttar Pradesh,Historical,8.59393285581819,Nov-Feb,7000
477,Goa Beaches,Goa,Beach,9.061411819218064,Nov-Mar,9000
478,Jaipur City,Rajasthan,City,8.746027540435104,Oct-Mar,8000
479,Kerala Backwaters,Kerala,Nature,8.432522163463709,Sep-Mar,8500
480,Leh Ladakh,Jammu and Kashmir,Adventure,9.183226466821637,Apr-Jun,9500
481,Taj Mahal,Uttar Pradesh,Historical,8.347502107586056,Nov-Feb,7000
482,Goa Beaches,Goa,Beach,7.948762856954323,Nov-Mar,9000
483,Jaipur City,Rajasthan,City,9.187132541918034,Oct-Mar,8000
484,Kerala Backwaters,Kerala,Nature,8.361380335928295,Sep-Mar,8500
485,Leh Ladakh,Jammu and Kashmir,Adventure,9.307482015375824,Apr-Jun,9500
486,Taj Mahal,Uttar Pradesh,Historical,9.2500304022815,Nov-Feb,7000
487,Goa Beaches,Goa,Beach,8.062331360639273,Nov-Mar,9000
488,Jaipur City,Rajasthan,City,8.654607164170207,Oct-Mar,8000
489,Kerala Backwaters,Kerala,Nature,8.63372498272289,Sep-Mar,8500
490,Leh Ladakh,Jammu and Kashmir,Adventure,8.387349596378451,Apr-Jun,9500
491,Taj Mahal,Uttar Pradesh,Historical,8.20803233304684,Nov-Feb,7000
492,Goa Beaches,Goa,Beach,8.1282869592547,Nov-Mar,9000
493,Jaipur City,Rajasthan,City,8.878936494411294,Oct-Mar,8000
494,Kerala Backwaters,Kerala,Nature,8.937812540340415,Sep-Mar,8500
495,Leh Ladakh,Jammu and Kashmir,Adventure,8.414265880762033,Apr-Jun,9500
496,Taj Mahal,Uttar Pradesh,Historical,8.265509612154226,Nov-Feb,7000
497,Goa Beaches,Goa,Beach,8.698828827904826,Nov-Mar,9000
498,Jaipur City,Rajasthan,City,9.324413281531497,Oct-Mar,8000
499,Kerala Backwaters,Kerala,Nature,9.26496476298098,Sep-Mar,8500
500,Leh Ladakh,Jammu and Kashmir,Adventure,8.940107797681996,Apr-Jun,9500
501,Taj Mahal,Uttar Pradesh,Historical,8.43779797890401,Nov-Feb,7000
502,Goa Beaches,Goa,Beach,9.314545773276503,Nov-Mar,9000
503,Jaipur City,Rajasthan,City,8.918823544059974,Oct-Mar,8000
504,Kerala Backwaters,Kerala,Nature,7.992592263408194,Sep-Mar,8500
505,Leh Ladakh,Jammu and Kashmir,Adventure,8.07869796905618,Apr-Jun,9500
506,Taj Mahal,Uttar Pradesh,Historical,8.510029536153398,Nov-Feb,7000
507,Goa Beaches,Goa,Beach,8.240547501092525,Nov-Mar,9000
508,Jaipur City,Rajasthan,City,9.43596338151704,Oct-Mar,8000
509,Kerala Backwaters,Kerala,Nature,9.25204552164384,Sep-Mar,8500
510,Leh Ladakh,Jammu and Kashmir,Adventure,9.380186804036049,Apr-Jun,9500
511,Taj Mahal,Uttar Pradesh,Historical,9.219575248565713,Nov-Feb,7000
512,Goa Beaches,Goa,Beach,9.222486404593646,Nov-Mar,9000
513,Jaipur City,Rajasthan,City,9.319083493307607,Oct-Mar,8000
514,Kerala Backwaters,Kerala,Nature,7.980635862122308,Sep-Mar,8500
515,Leh Ladakh,Jammu and Kashmir,Adventure,9.481318666573411,Apr-Jun,9500
516,Taj Mahal,Uttar Pradesh,Historical,7.890656667652207,Nov-Feb,7000
517,Goa Beaches,Goa,Beach,8.715019439382655,Nov-Mar,9000
518,Jaipur City,Rajasthan,City,8.92790148381448,Oct-Mar,8000
519,Kerala Backwaters,Kerala,Nature,7.772507901461253,Sep-Mar,8500
520,Leh Ladakh,Jammu and Kashmir,Adventure,8.521876495404149,Apr-Jun,9500
521,Taj Mahal,Uttar Pradesh,Historical,9.073609022110247,Nov-Feb,7000
522,Goa Beaches,Goa,Beach,8.486706784627046,Nov-Mar,9000
523,Jaipur City,Rajasthan,City,8.998307150645953,Oct-Mar,8000
524,Kerala Backwaters,Kerala,Nature,8.207456170247866,Sep-Mar,8500
525,Leh Ladakh,Jammu and Kashmir,Adventure,8.090624068994547,Apr-Jun,9500
526,Taj Mahal,Uttar Pradesh,Historical,8.798076955318615,Nov-Feb,7000
527,Goa Beaches,Goa,Beach,9.240920636796004,Nov-Mar,9000
528,Jaipur City,Rajasthan,City,8.564171557585537,Oct-Mar,8000
529,Kerala Backwaters,Kerala,Nature,7.726465986904015,Sep-Mar,8500
530,Leh Ladakh,Jammu and Kashmir,Adventure,9.135320166568894,Apr-Jun,9500
531,Taj Mahal,Uttar Pradesh,Historical,7.819012402589374,Nov-Feb,7000
532,Goa Beaches,Goa,Beach,8.988127174492362,Nov-Mar,9000
533,Jaipur City,Rajasthan,City,7.692409735196847,Oct-Mar,8000
534,Kerala Backwaters,Kerala,Nature,8.181851282648088,Sep-Mar,8500
535,Leh Ladakh,Jammu and Kashmir,Adventure,9.177624039641806,Apr-Jun,9500
536,Taj Mahal,Uttar Pradesh,Historical,9.05646084632939,Nov-Feb,7000
537,Goa Beaches,Goa,Beach,9.187047298341549,Nov-Mar,9000
538,Jaipur City,Rajasthan,City,8.61290957770994,Oct-Mar,8000
539,Kerala Backwaters,Kerala,Nature,8.945958184370141,Sep-Mar,8500
540,Leh Ladakh,Jammu and Kashmir,Adventure,8.310861660543809,Apr-Jun,9500
541,Taj Mahal,Uttar Pradesh,Historical,8.299700198889736,Nov-Feb,7000
542,Goa Beaches,Goa,Beach,8.682101749793983,Nov-Mar,9000
543,Jaipur City,Rajasthan,City,8.997155930746766,Oct-Mar,8000
544,Kerala Backwaters,Kerala,Nature,8.517940732286046,Sep-Mar,8500
545,Leh Ladakh,Jammu and Kashmir,Adventure,7.661289356429886,Apr-Jun,9500
546,Taj Mahal,Uttar Pradesh,Historical,8.99406731089834,Nov-Feb,7000
547,Goa Beaches,Goa,Beach,8.645510418904573,Nov-Mar,9000
548,Jaipur City,Rajasthan,City,8.086168021757981,Oct-Mar,8000
549,Kerala Backwaters,Kerala,Nature,9.251772000884309,Sep-Mar,8500
550,Leh Ladakh,Jammu and Kashmir,Adventure,8.747376070548807,Apr-Jun,9500
551,Taj Mahal,Uttar Pradesh,Historical,8.374491709395679,Nov-Feb,7000
552,Goa Beaches,Goa,Beach,8.564998979974378,Nov-Mar,9000
553,Jaipur City,Rajasthan,City,9.40131781831434,Oct-Mar,8000
554,Kerala Backwaters,Kerala,Nature,9.025943210875612,Sep-Mar,8500
555,Leh Ladakh,Jammu and Kashmir,Adventure,9.04217651721199,Apr-Jun,9500
556,Taj Mahal,Uttar Pradesh,Historical,7.703776810764232,Nov-Feb,7000
557,Goa Beaches,Goa,Beach,8.672185130404245,Nov-Mar,9000
558,Jaipur City,Rajasthan,City,9.113897123897514,Oct-Mar,8000
559,Kerala Backwaters,Kerala,Nature,8.65327152196819,Sep-Mar,8500
560,Leh Ladakh,Jammu and Kashmir,Adventure,9.252519204291165,Apr-Jun,9500
561,Taj Mahal,Uttar Pradesh,Historical,9.456850743680612,Nov-Feb,7000
562,Goa Beaches,Goa,Beach,9.310527198750878,Nov-Mar,9000
563,Jaipur City,Rajasthan,City,7.952541968997334,Oct-Mar,8000
564,Kerala Backwaters,Kerala,Nature,8.870130228380821,Sep-Mar,8500
565,Leh Ladakh,Jammu and Kashmir,Adventure,8.47880343825541,Apr-Jun,9500
566,Taj Mahal,Uttar Pradesh,Historical,7.567818752588276,Nov-Feb,7000
567,Goa Beaches,Goa,Beach,9.187761000514808,Nov-Mar,9000
568,Jaipur City,Rajasthan,City,8.248703528475824,Oct-Mar,8000
569,Kerala Backwaters,Kerala,Nature,9.000157281763427,Sep-Mar,8500
570,Leh Ladakh,Jammu and Kashmir,Adventure,7.748348707167752,Apr-Jun,9500
571,Taj Mahal,Uttar Pradesh,Historical,9.193226492177772,Nov-Feb,7000
572,Goa Beaches,Goa,Beach,8.29243960608129,Nov-Mar,9000
573,Jaipur City,Rajasthan,City,9.155604744108183,Oct-Mar,8000
574,Kerala Backwaters,Kerala,Nature,7.553270853318885,Sep-Mar,8500
575,Leh Ladakh,Jammu and Kashmir,Adventure,8.419067682490505,Apr-Jun,9500
576,Taj Mahal,Uttar Pradesh,Historical,8.450301921040447,Nov-Feb,7000
577,Goa Beaches,Goa,Beach,8.207209291443316,Nov-Mar,9000
578,Jaipur City,Rajasthan,City,8.205781816540815,Oct-Mar,8000
579,Kerala Backwaters,Kerala,Nature,8.598752880266343,Sep-Mar,8500
580,Leh Ladakh,Jammu and Kashmir,Adventure,8.998305590476127,Apr-Jun,9500
581,Taj Mahal,Uttar Pradesh,Historical,9.01567151822585,Nov-Feb,7000
582,Goa Beaches,Goa,Beach,7.779308047020037,Nov-Mar,9000
583,Jaipur City,Rajasthan,City,8.45671070203574,Oct-Mar,8000
584,Kerala Backwaters,Kerala,Nature,7.877125609308293,Sep-Mar,8500
585,Leh Ladakh,Jammu and Kashmir,Adventure,8.937350084907646,Apr-Jun,9500
586,Taj Mahal,Uttar Pradesh,Historical,7.569722658093775,Nov-Feb,7000
587,Goa Beaches,Goa,Beach,7.768523623167793,Nov-Mar,9000
588,Jaipur City,Rajasthan,City,9.180141735009256,Oct-Mar,8000
589,Kerala Backwaters,Kerala,Nature,9.427997305985516,Sep-Mar,8500
590,Leh Ladakh,Jammu and Kashmir,Adventure,8.17109010854659,Apr-Jun,9500
591,Taj Mahal,Uttar Pradesh,Historical,8.148297385049217,Nov-Feb,7000
592,Goa Beaches,Goa,Beach,9.168100701200414,Nov-Mar,9000
593,Jaipur City,Rajasthan,City,9.468508271221934,Oct-Mar,8000
594,Kerala Backwaters,Kerala,Nature,8.618563706489919,Sep-Mar,8500
595,Leh Ladakh,Jammu and Kashmir,Adventure,9.446618127599066,Apr-Jun,9500
596,Taj Mahal,Uttar Pradesh,Historical,7.865548979182885,Nov-Feb,7000
597,Goa Beaches,Goa,Beach,7.735247906037738,Nov-Mar,9000
598,Jaipur City,Rajasthan,City,7.754720778868718,Oct-Mar,8000
599,Kerala Backwaters,Kerala,Nature,9.463041121922352,Sep-Mar,8500
600,Leh Ladakh,Jammu and Kashmir,Adventure,9.390934664335951,Apr-Jun,9500
601,Taj Mahal,Uttar Pradesh,Historical,7.679434820985951,Nov-Feb,7000
602,Goa Beaches,Goa,Beach,8.330784565286411,Nov-Mar,9000
603,Jaipur City,Rajasthan,City,8.51701771288866,Oct-Mar,8000
604,Kerala Backwaters,Kerala,Nature,9.298998286534964,Sep-Mar,8500
605,Leh Ladakh,Jammu and Kashmir,Adventure,9.015692413525752,Apr-Jun,9500
606,Taj Mahal,Uttar Pradesh,Historical,7.645870324298047,Nov-Feb,7000
607,Goa Beaches,Goa,Beach,7.6520123514027665,Nov-Mar,9000
608,Jaipur City,Rajasthan,City,8.443802951781302,Oct-Mar,8000
609,Kerala Backwaters,Kerala,Nature,8.29568641738167,Sep-Mar,8500
610,Leh Ladakh,Jammu and Kashmir,Adventure,7.940660734256079,Apr-Jun,9500
611,Taj Mahal,Uttar Pradesh,Historical,9.342123928378385,Nov-Feb,7000
612,Goa Beaches,Goa,Beach,7.582948969365619,Nov-Mar,9000
613,Jaipur City,Rajasthan,City,7.893422691754661,Oct-Mar,8000
614,Kerala Backwaters,Kerala,Nature,9.003574785226348,Sep-Mar,8500
615,Leh Ladakh,Jammu and Kashmir,Adventure,8.810690633638737,Apr-Jun,9500
616,Taj Mahal,Uttar Pradesh,Historical,9.200376502061246,Nov-Feb,7000
617,Goa Beaches,Goa,Beach,9.097017238917031,Nov-Mar,9000
618,Jaipur City,Rajasthan,City,8.39215366577806,Oct-Mar,8000
619,Kerala Backwaters,Kerala,Nature,9.4345443222489,Sep-Mar,8500
620,Leh Ladakh,Jammu and Kashmir,Adventure,8.896288153040157,Apr-Jun,9500
621,Taj Mahal,Uttar Pradesh,Historical,7.820265199039039,Nov-Feb,7000
622,Goa Beaches,Goa,Beach,8.642272298087951,Nov-Mar,9000
623,Jaipur City,Rajasthan,City,7.809114532022525,Oct-Mar,8000
624,Kerala Backwaters,Kerala,Nature,8.331131728498399,Sep-Mar,8500
625,Leh Ladakh,Jammu and Kashmir,Adventure,8.352057126187718,Apr-Jun,9500
626,Taj Mahal,Uttar Pradesh,Historical,7.64985755753062,Nov-Feb,7000
627,Goa Beaches,Goa,Beach,7.949828337049644,Nov-Mar,9000
628,Jaipur City,Rajasthan,City,9.28390783788805,Oct-Mar,8000
629,Kerala Backwaters,Kerala,Nature,7.674024425319291,Sep-Mar,8500
630,Leh Ladakh,Jammu and Kashmir,Adventure,9.26454156504302,Apr-Jun,9500
631,Taj Mahal,Uttar Pradesh,Historical,8.69173765365114,Nov-Feb,7000
632,Goa Beaches,Goa,Beach,7.876158566558553,Nov-Mar,9000
633,Jaipur City,Rajasthan,City,8.038341365095178,Oct-Mar,8000
634,Kerala Backwaters,Kerala,Nature,8.33060225072883,Sep-Mar,8500
635,Leh Ladakh,Jammu and Kashmir,Adventure,8.512680031670806,Apr-Jun,9500
636,Taj Mahal,Uttar Pradesh,Historical,8.591103123657849,Nov-Feb,7000
637,Goa Beaches,Goa,Beach,9.155871192324602,Nov-Mar,9000
638,Jaipur City,Rajasthan,City,9.315119560288965,Oct-Mar,8000
639,Kerala Backwaters,Kerala,Nature,9.081925622089122,Sep-Mar,8500
640,Leh Ladakh,Jammu and Kashmir,Adventure,8.009714714967838,Apr-Jun,9500
641,Taj Mahal,Uttar Pradesh,Historical,8.559749376912812,Nov-Feb,7000
642,Goa Beaches,Goa,Beach,9.304705550324336,Nov-Mar,9000
643,Jaipur City,Rajasthan,City,9.300321813290449,Oct-Mar,8000
644,Kerala Backwaters,Kerala,Nature,9.189377296102892,Sep-Mar,8500
645,Leh Ladakh,Jammu and Kashmir,Adventure,9.16102966115886,Apr-Jun,9500
646,Taj Mahal,Uttar Pradesh,Historical,8.90349451280123,Nov-Feb,7000
647,Goa Beaches,Goa,Beach,9.00875189802598,Nov-Mar,9000
648,Jaipur City,Rajasthan,City,8.771306422116705,Oct-Mar,8000
649,Kerala Backwaters,Kerala,Nature,8.167683021047935,Sep-Mar,8500
650,Leh Ladakh,Jammu and Kashmir,Adventure,8.204607883952981,Apr-Jun,9500
651,Taj Mahal,Uttar Pradesh,Historical,9.464391796425565,Nov-Feb,7000
652,Goa Beaches,Goa,Beach,7.956162812949001,Nov-Mar,9000
653,Jaipur City,Rajasthan,City,9.496920384788352,Oct-Mar,8000
654,Kerala Backwaters,Kerala,Nature,8.441880661939361,Sep-Mar,8500
655,Leh Ladakh,Jammu and Kashmir,Adventure,8.769705210150947,Apr-Jun,9500
656,Taj Mahal,Uttar Pradesh,Historical,9.032216296013203,Nov-Feb,7000
657,Goa Beaches,Goa,Beach,9.350623282972432,Nov-Mar,9000
658,Jaipur City,Rajasthan,City,9.008048228406723,Oct-Mar,8000
659,Kerala Backwaters,Kerala,Nature,7.991928056209089,Sep-Mar,8500
660,Leh Ladakh,Jammu and Kashmir,Adventure,7.923387964302513,Apr-Jun,9500
661,Taj Mahal,Uttar Pradesh,Historical,9.349513600175449,Nov-Feb,7000
662,Goa Beaches,Goa,Beach,7.848867269009221,Nov-Mar,9000
663,Jaipur City,Rajasthan,City,8.822604311521562,Oct-Mar,8000
664,Kerala Backwaters,Kerala,Nature,7.975932402561909,Sep-Mar,8500
665,Leh Ladakh,Jammu and Kashmir,Adventure,8.175473128767925,Apr-Jun,9500
666,Taj Mahal,Uttar Pradesh,Historical,8.535347955383795,Nov-Feb,7000
667,Goa Beaches,Goa,Beach,7.97016084501826,Nov-Mar,9000
668,Jaipur City,Rajasthan,City,7.593849734423116,Oct-Mar,8000
669,Kerala Backwaters,Kerala,Nature,7.840622429583862,Sep-Mar,8500
670,Leh Ladakh,Jammu and Kashmir,Adventure,7.809939225539317,Apr-Jun,9500
671,Taj Mahal,Uttar Pradesh,Historical,9.406991630850325,Nov-Feb,7000
672,Goa Beaches,Goa,Beach,7.687336809771084,Nov-Mar,9000
673,Jaipur City,Rajasthan,City,7.818407810021514,Oct-Mar,8000
674,Kerala Backwaters,Kerala,Nature,8.000500722385876,Sep-Mar,8500
675,Leh Ladakh,Jammu and Kashmir,Adventure,8.944718004457487,Apr-Jun,9500
676,Taj Mahal,Uttar Pradesh,Historical,9.263552559071387,Nov-Feb,7000
677,Goa Beaches,Goa,Beach,8.565346616052354,Nov-Mar,9000
678,Jaipur City,Rajasthan,City,8.104480470792156,Oct-Mar,8000
679,Kerala Backwaters,Kerala,Nature,7.841584036663998,Sep-Mar,8500
680,Leh Ladakh,Jammu and Kashmir,Adventure,9.159638354049664,Apr-Jun,9500
681,Taj Mahal,Uttar Pradesh,Historical,8.748130652752925,Nov-Feb,7000
682,Goa Beaches,Goa,Beach,8.57790096253945,Nov-Mar,9000
683,Jaipur City,Rajasthan,City,8.419040819940108,Oct-Mar,8000
684,Kerala Backwaters,Kerala,Nature,9.465996074743892,Sep-Mar,8500
685,Leh Ladakh,Jammu and Kashmir,Adventure,7.598827165312162,Apr-Jun,9500
686,Taj Mahal,Uttar Pradesh,Historical,8.260858751837267,Nov-Feb,7000
687,Goa Beaches,Goa,Beach,8.036441481700162,Nov-Mar,9000
688,Jaipur City,Rajasthan,City,8.056619012437265,Oct-Mar,8000
689,Kerala Backwaters,Kerala,Nature,8.133852314473286,Sep-Mar,8500
690,Leh Ladakh,Jammu and Kashmir,Adventure,8.195260134545546,Apr-Jun,9500
691,Taj Mahal,Uttar Pradesh,Historical,8.887068416502617,Nov-Feb,7000
692,Goa Beaches,Goa,Beach,8.822980009436904,Nov-Mar,9000
693,Jaipur City,Rajasthan,City,8.397475308756675,Oct-Mar,8000
694,Kerala Backwaters,Kerala,Nature,9.22776324553234,Sep-Mar,8500
695,Leh Ladakh,Jammu and Kashmir,Adventure,9.288646088702306,Apr-Jun,9500
696,Taj Mahal,Uttar Pradesh,Historical,8.627961321716496,Nov-Feb,7000
697,Goa Beaches,Goa,Beach,8.419227436314172,Nov-Mar,9000
698,Jaipur City,Rajasthan,City,8.305889899010864,Oct-Mar,8000
699,Kerala Backwaters,Kerala,Nature,7.6569626144692755,Sep-Mar,8500
700,Leh Ladakh,Jammu and Kashmir,Adventure,8.87865289903948,Apr-Jun,9500
701,Taj Mahal,Uttar Pradesh,Historical,8.814028636189173,Nov-Feb,7000
702,Goa Beaches,Goa,Beach,9.111768717459087,Nov-Mar,9000
703,Jaipur City,Rajasthan,City,8.56369804176352,Oct-Mar,8000
704,Kerala Backwaters,Kerala,Nature,7.917510991611324,Sep-Mar,8500
705,Leh Ladakh,Jammu and Kashmir,Adventure,8.371945150547274,Apr-Jun,9500
706,Taj Mahal,Uttar Pradesh,Historical,9.023746389658204,Nov-Feb,7000
707,Goa Beaches,Goa,Beach,8.629118750166763,Nov-Mar,9000
708,Jaipur City,Rajasthan,City,8.844219597824981,Oct-Mar,8000
709,Kerala Backwaters,Kerala,Nature,9.155527396194914,Sep-Mar,8500
710,Leh Ladakh,Jammu and Kashmir,Adventure,9.03152474709979,Apr-Jun,9500
711,Taj Mahal,Uttar Pradesh,Historical,8.636551596129936,Nov-Feb,7000
712,Goa Beaches,Goa,Beach,8.810464389396717,Nov-Mar,9000
713,Jaipur City,Rajasthan,City,8.24455368678293,Oct-Mar,8000
714,Kerala Backwaters,Kerala,Nature,8.655670235424626,Sep-Mar,8500
715,Leh Ladakh,Jammu and Kashmir,Adventure,8.402277983035928,Apr-Jun,9500
716,Taj Mahal,Uttar Pradesh,Historical,8.878654587888997,Nov-Feb,7000
717,Goa Beaches,Goa,Beach,8.367306496099209,Nov-Mar,9000
718,Jaipur City,Rajasthan,City,9.203460228257162,Oct-Mar,8000
719,Kerala Backwaters,Kerala,Nature,8.603678777019319,Sep-Mar,8500
720,Leh Ladakh,Jammu and Kashmir,Adventure,8.034817273030939,Apr-Jun,9500
721,Taj Mahal,Uttar Pradesh,Historical,8.931632119904084,Nov-Feb,7000
722,Goa Beaches,Goa,Beach,9.389779698220083,Nov-Mar,9000
723,Jaipur City,Rajasthan,City,8.279131951554369,Oct-Mar,8000
724,Kerala Backwaters,Kerala,Nature,7.925686613406978,Sep-Mar,8500
725,Leh Ladakh,Jammu and Kashmir,Adventure,9.339552233237942,Apr-Jun,9500
726,Taj Mahal,Uttar Pradesh,Historical,8.182156495747552,Nov-Feb,7000
727,Goa Beaches,Goa,Beach,7.714387334549871,Nov-Mar,9000
728,Jaipur City,Rajasthan,City,9.09930562784097,Oct-Mar,8000
729,Kerala Backwaters,Kerala,Nature,8.569879157443847,Sep-Mar,8500
730,Leh Ladakh,Jammu and Kashmir,Adventure,7.896272170257733,Apr-Jun,9500
731,Taj Mahal,Uttar Pradesh,Historical,9.20644321253904,Nov-Feb,7000
732,Goa Beaches,Goa,Beach,8.465381843255685,Nov-Mar,9000
733,Jaipur City,Rajasthan,City,8.703584273601871,Oct-Mar,8000
734,Kerala Backwaters,Kerala,Nature,8.248600725902943,Sep-Mar,8500
735,Leh Ladakh,Jammu and Kashmir,Adventure,8.514869186476712,Apr-Jun,9500
736,Taj Mahal,Uttar Pradesh,Historical,9.088805186403164,Nov-Feb,7000
737,Goa Beaches,Goa,Beach,9.413701353656403,Nov-Mar,9000
738,Jaipur City,Rajasthan,City,8.053822692109417,Oct-Mar,8000
739,Kerala Backwaters,Kerala,Nature,8.372037385587443,Sep-Mar,8500
740,Leh Ladakh,Jammu and Kashmir,Adventure,9.263891738676694,Apr-Jun,9500
741,Taj Mahal,Uttar Pradesh,Historical,7.72777553164018,Nov-Feb,7000
742,Goa Beaches,Goa,Beach,8.532765536915521,Nov-Mar,9000
743,Jaipur City,Rajasthan,City,7.727596682180292,Oct-Mar,8000
744,Kerala Backwaters,Kerala,Nature,8.203211682328114,Sep-Mar,8500
745,Leh Ladakh,Jammu and Kashmir,Adventure,7.933373924579141,Apr-Jun,9500
746,Taj Mahal,Uttar Pradesh,Historical,9.059361289382425,Nov-Feb,7000
747,Goa Beaches,Goa,Beach,8.350906820188296,Nov-Mar,9000
748,Jaipur City,Rajasthan,City,8.719936425969232,Oct-Mar,8000
749,Kerala Backwaters,Kerala,Nature,8.931736559795393,Sep-Mar,8500
750,Leh Ladakh,Jammu and Kashmir,Adventure,8.956458952804828,Apr-Jun,9500
751,Taj Mahal,Uttar Pradesh,Historical,7.790538404306647,Nov-Feb,7000
752,Goa Beaches,Goa,Beach,8.539108136038704,Nov-Mar,9000
753,Jaipur City,Rajasthan,City,8.594748337394,Oct-Mar,8000
754,Kerala Backwaters,Kerala,Nature,8.084015245138538,Sep-Mar,8500
755,Leh Ladakh,Jammu and Kashmir,Adventure,7.734281734271488,Apr-Jun,9500
756,Taj Mahal,Uttar Pradesh,Historical,8.54760827518156,Nov-Feb,7000
757,Goa Beaches,Goa,Beach,7.644463430707246,Nov-Mar,9000
758,Jaipur City,Rajasthan,City,9.12139535266794,Oct-Mar,8000
759,Kerala Backwaters,Kerala,Nature,8.72751759235414,Sep-Mar,8500
760,Leh Ladakh,Jammu and Kashmir,Adventure,8.352180026398809,Apr-Jun,9500
761,Taj Mahal,Uttar Pradesh,Historical,9.36014231646272,Nov-Feb,7000
762,Goa Beaches,Goa,Beach,8.147811499679674,Nov-Mar,9000
763,Jaipur City,Rajasthan,City,8.90257550420428,Oct-Mar,8000
764,Kerala Backwaters,Kerala,Nature,8.506724060467622,Sep-Mar,8500
765,Leh Ladakh,Jammu and Kashmir,Adventure,8.62458625744304,Apr-Jun,9500
766,Taj Mahal,Uttar Pradesh,Historical,8.145328815121932,Nov-Feb,7000
767,Goa Beaches,Goa,Beach,8.24362221802096,Nov-Mar,9000
768,Jaipur City,Rajasthan,City,7.596634440314337,Oct-Mar,8000
769,Kerala Backwaters,Kerala,Nature,7.57663598347406,Sep-Mar,8500
770,Leh Ladakh,Jammu and Kashmir,Adventure,9.08102960007878,Apr-Jun,9500
771,Taj Mahal,Uttar Pradesh,Historical,8.129988976860952,Nov-Feb,7000
772,Goa Beaches,Goa,Beach,9.13732713238196,Nov-Mar,9000
773,Jaipur City,Rajasthan,City,8.784997932243503,Oct-Mar,8000
774,Kerala Backwaters,Kerala,Nature,8.038663649202402,Sep-Mar,8500
775,Leh Ladakh,Jammu and Kashmir,Adventure,8.079156318407351,Apr-Jun,9500
776,Taj Mahal,Uttar Pradesh,Historical,8.459363313306993,Nov-Feb,7000
777,Goa Beaches,Goa,Beach,9.046231352406494,Nov-Mar,9000
778,Jaipur City,Rajasthan,City,9.200907306361843,Oct-Mar,8000
779,Kerala Backwaters,Kerala,Nature,8.861507015552508,Sep-Mar,8500
780,Leh Ladakh,Jammu and Kashmir,Adventure,9.291685937704914,Apr-Jun,9500
781,Taj Mahal,Uttar Pradesh,Historical,8.531079521858732,Nov-Feb,7000
782,Goa Beaches,Goa,Beach,8.99783225118662,Nov-Mar,9000
783,Jaipur City,Rajasthan,City,8.528348193854123,Oct-Mar,8000
784,Kerala Backwaters,Kerala,Nature,8.317882740052342,Sep-Mar,8500
785,Leh Ladakh,Jammu and Kashmir,Adventure,9.366933345133754,Apr-Jun,9500
786,Taj Mahal,Uttar Pradesh,Historical,8.389205905418272,Nov-Feb,7000
787,Goa Beaches,Goa,Beach,9.44212563021952,Nov-Mar,9000
788,Jaipur City,Rajasthan,City,8.223627062910356,Oct-Mar,8000
789,Kerala Backwaters,Kerala,Nature,8.174235795355958,Sep-Mar,8500
790,Leh Ladakh,Jammu and Kashmir,Adventure,9.157720701508042,Apr-Jun,9500
791,Taj Mahal,Uttar Pradesh,Historical,9.42168809807716,Nov-Feb,7000
792,Goa Beaches,Goa,Beach,7.50562874119151,Nov-Mar,9000
793,Jaipur City,Rajasthan,City,7.781580260307882,Oct-Mar,8000
794,Kerala Backwaters,Kerala,Nature,8.531159787998941,Sep-Mar,8500
795,Leh Ladakh,Jammu and Kashmir,Adventure,8.189514727765914,Apr-Jun,9500
796,Taj Mahal,Uttar Pradesh,Historical,9.243698788707544,Nov-Feb,7000
797,Goa Beaches,Goa,Beach,9.120638441373126,Nov-Mar,9000
798,Jaipur City,Rajasthan,City,7.608875043089363,Oct-Mar,8000
799,Kerala Backwaters,Kerala,Nature,9.078902378388406,Sep-Mar,8500
800,Leh Ladakh,Jammu and Kashmir,Adventure,7.972030910129,Apr-Jun,9500
801,Taj Mahal,Uttar Pradesh,Historical,9.157148625977571,Nov-Feb,7000
802,Goa Beaches,Goa,Beach,9.41083109431862,Nov-Mar,9000
803,Jaipur City,Rajasthan,City,9.31045957210701,Oct-Mar,8000
804,Kerala Backwaters,Kerala,Nature,8.208242452766306,Sep-Mar,8500
805,Leh Ladakh,Jammu and Kashmir,Adventure,8.410141709638284,Apr-Jun,9500
806,Taj Mahal,Uttar Pradesh,Historical,8.576757876815993,Nov-Feb,7000
807,Goa Beaches,Goa,Beach,9.178994029748877,Nov-Mar,9000
808,Jaipur City,Rajasthan,City,8.01406881114496,Oct-Mar,8000
809,Kerala Backwaters,Kerala,Nature,7.8442566698712035,Sep-Mar,8500
810,Leh Ladakh,Jammu and Kashmir,Adventure,8.161053310539785,Apr-Jun,9500
811,Taj Mahal,Uttar Pradesh,Historical,9.393805813478073,Nov-Feb,7000
812,Goa Beaches,Goa,Beach,9.006784740288401,Nov-Mar,9000
813,Jaipur City,Rajasthan,City,8.336255248752801,Oct-Mar,8000
814,Kerala Backwaters,Kerala,Nature,7.589205999248015,Sep-Mar,8500
815,Leh Ladakh,Jammu and Kashmir,Adventure,9.220824441474456,Apr-Jun,9500
816,Taj Mahal,Uttar Pradesh,Historical,9.423987379093196,Nov-Feb,7000
817,Goa Beaches,Goa,Beach,7.999026975129425,Nov-Mar,9000
818,Jaipur City,Rajasthan,City,8.385706717073933,Oct-Mar,8000
819,Kerala Backwaters,Kerala,Nature,7.562622503552138,Sep-Mar,8500
820,Leh Ladakh,Jammu and Kashmir,Adventure,8.772244496732984,Apr-Jun,9500
821,Taj Mahal,Uttar Pradesh,Historical,8.853137683108654,Nov-Feb,7000
822,Goa Beaches,Goa,Beach,9.22889675552697,Nov-Mar,9000
823,Jaipur City,Rajasthan,City,8.501224868997667,Oct-Mar,8000
824,Kerala Backwaters,Kerala,Nature,9.206043310589514,Sep-Mar,8500
825,Leh Ladakh,Jammu and Kashmir,Adventure,7.943715893520679,Apr-Jun,9500
826,Taj Mahal,Uttar Pradesh,Historical,8.277156854345177,Nov-Feb,7000
827,Goa Beaches,Goa,Beach,8.377495779286125,Nov-Mar,9000
828,Jaipur City,Rajasthan,City,7.804063905354139,Oct-Mar,8000
829,Kerala Backwaters,Kerala,Nature,9.073371866855572,Sep-Mar,8500
830,Leh Ladakh,Jammu and Kashmir,Adventure,7.928094923060946,Apr-Jun,9500
831,Taj Mahal,Uttar Pradesh,Historical,8.771961835427916,Nov-Feb,7000
832,Goa Beaches,Goa,Beach,9.366867008044636,Nov-Mar,9000
833,Jaipur City,Rajasthan,City,7.976891811337149,Oct-Mar,8000
834,Kerala Backwaters,Kerala,Nature,8.329340966088974,Sep-Mar,8500
835,Leh Ladakh,Jammu and Kashmir,Adventure,8.622267855355735,Apr-Jun,9500
836,Taj Mahal,Uttar Pradesh,Historical,7.789458969308924,Nov-Feb,7000
837,Goa Beaches,Goa,Beach,9.49270628520052,Nov-Mar,9000
838,Jaipur City,Rajasthan,City,7.6511899073828,Oct-Mar,8000
839,Kerala Backwaters,Kerala,Nature,9.19673720089384,Sep-Mar,8500
840,Leh Ladakh,Jammu and Kashmir,Adventure,7.93351873337229,Apr-Jun,9500
841,Taj Mahal,Uttar Pradesh,Historical,8.641198251436522,Nov-Feb,7000
842,Goa Beaches,Goa,Beach,8.784629096343433,Nov-Mar,9000
843,Jaipur City,Rajasthan,City,9.191194972792676,Oct-Mar,8000
844,Kerala Backwaters,Kerala,Nature,9.173580627388572,Sep-Mar,8500
845,Leh Ladakh,Jammu and Kashmir,Adventure,8.669449269625428,Apr-Jun,9500
846,Taj Mahal,Uttar Pradesh,Historical,8.971338259095013,Nov-Feb,7000
847,Goa Beaches,Goa,Beach,7.790585198400288,Nov-Mar,9000
848,Jaipur City,Rajasthan,City,9.02991974288286,Oct-Mar,8000
849,Kerala Backwaters,Kerala,Nature,8.749274375887886,Sep-Mar,8500
850,Leh Ladakh,Jammu and Kashmir,Adventure,8.64491136642723,Apr-Jun,9500
851,Taj Mahal,Uttar Pradesh,Historical,9.33544112557844,Nov-Feb,7000
852,Goa Beaches,Goa,Beach,8.287492091663,Nov-Mar,9000
853,Jaipur City,Rajasthan,City,9.04694477176505,Oct-Mar,8000
854,Kerala Backwaters,Kerala,Nature,9.33810388495833,Sep-Mar,8500
855,Leh Ladakh,Jammu and Kashmir,Adventure,8.913268954871437,Apr-Jun,9500
856,Taj Mahal,Uttar Pradesh,Historical,7.668691908852082,Nov-Feb,7000
857,Goa Beaches,Goa,Beach,9.027677154981644,Nov-Mar,9000
858,Jaipur City,Rajasthan,City,8.491365337579884,Oct-Mar,8000
859,Kerala Backwaters,Kerala,Nature,7.921623278868692,Sep-Mar,8500
860,Leh Ladakh,Jammu and Kashmir,Adventure,7.7202244959060975,Apr-Jun,9500
861,Taj Mahal,Uttar Pradesh,Historical,7.824049108063554,Nov-Feb,7000
862,Goa Beaches,Goa,Beach,8.527437466841967,Nov-Mar,9000
863,Jaipur City,Rajasthan,City,7.5288565248227135,Oct-Mar,8000
864,Kerala Backwaters,Kerala,Nature,9.147968243343048,Sep-Mar,8500
865,Leh Ladakh,Jammu and Kashmir,Adventure,8.989187748130234,Apr-Jun,9500
866,Taj Mahal,Uttar Pradesh,Historical,8.15752225096045,Nov-Feb,7000
867,Goa Beaches,Goa,Beach,7.544784240485142,Nov-Mar,9000
868,Jaipur City,Rajasthan,City,8.498230857041534,Oct-Mar,8000
869,Kerala Backwaters,Kerala,Nature,7.67787032728221,Sep-Mar,8500
870,Leh Ladakh,Jammu and Kashmir,Adventure,8.31662363535272,Apr-Jun,9500
871,Taj Mahal,Uttar Pradesh,Historical,7.643206988401131,Nov-Feb,7000
872,Goa Beaches,Goa,Beach,9.413328344476888,Nov-Mar,9000
873,Jaipur City,Rajasthan,City,9.231967797202106,Oct-Mar,8000
874,Kerala Backwaters,Kerala,Nature,8.671636575343907,Sep-Mar,8500
875,Leh Ladakh,Jammu and Kashmir,Adventure,8.98297001694882,Apr-Jun,9500
876,Taj Mahal,Uttar Pradesh,Historical,8.796715429177867,Nov-Feb,7000
877,Goa Beaches,Goa,Beach,7.911432523928271,Nov-Mar,9000
878,Jaipur City,Rajasthan,City,7.601483087639889,Oct-Mar,8000
879,Kerala Backwaters,Kerala,Nature,8.309631133912779,Sep-Mar,8500
880,Leh Ladakh,Jammu and Kashmir,Adventure,8.442750358263288,Apr-Jun,9500
881,Taj Mahal,Uttar Pradesh,Historical,8.278291770000452,Nov-Feb,7000
882,Goa Beaches,Goa,Beach,8.449238005542009,Nov-Mar,9000
883,Jaipur City,Rajasthan,City,7.95494238797158,Oct-Mar,8000
884,Kerala Backwaters,Kerala,Nature,9.241444802843858,Sep-Mar,8500
885,Leh Ladakh,Jammu and Kashmir,Adventure,9.03191394329098,Apr-Jun,9500
886,Taj Mahal,Uttar Pradesh,Historical,7.713067194844037,Nov-Feb,7000
887,Goa Beaches,Goa,Beach,7.590325473167349,Nov-Mar,9000
888,Jaipur City,Rajasthan,City,8.968588466673665,Oct-Mar,8000
889,Kerala Backwaters,Kerala,Nature,9.002930521303405,Sep-Mar,8500
890,Leh Ladakh,Jammu and Kashmir,Adventure,7.743039575412055,Apr-Jun,9500
891,Taj Mahal,Uttar Pradesh,Historical,9.223991095114595,Nov-Feb,7000
892,Goa Beaches,Goa,Beach,8.86432839457484,Nov-Mar,9000
893,Jaipur City,Rajasthan,City,8.375786034039642,Oct-Mar,8000
894,Kerala Backwaters,Kerala,Nature,8.8155969048925,Sep-Mar,8500
895,Leh Ladakh,Jammu and Kashmir,Adventure,8.011096326725276,Apr-Jun,9500
896,Taj Mahal,Uttar Pradesh,Historical,8.775168604432578,Nov-Feb,7000
897,Goa Beaches,Goa,Beach,8.342976753551683,Nov-Mar,9000
898,Jaipur City,Rajasthan,City,8.311533772217603,Oct-Mar,8000
899,Kerala Backwaters,Kerala,Nature,8.575304720464212,Sep-Mar,8500
900,Leh Ladakh,Jammu and Kashmir,Adventure,8.81228742963959,Apr-Jun,9500
901,Taj Mahal,Uttar Pradesh,Historical,7.94384380620817,Nov-Feb,7000
902,Goa Beaches,Goa,Beach,9.115849499250787,Nov-Mar,9000
903,Jaipur City,Rajasthan,City,8.253494745892702,Oct-Mar,8000
904,Kerala Backwaters,Kerala,Nature,8.574376628395806,Sep-Mar,8500
905,Leh Ladakh,Jammu and Kashmir,Adventure,8.13644498964263,Apr-Jun,9500
906,Taj Mahal,Uttar Pradesh,Historical,8.619770095066015,Nov-Feb,7000
907,Goa Beaches,Goa,Beach,8.06914958687841,Nov-Mar,9000
908,Jaipur City,Rajasthan,City,8.452641011322342,Oct-Mar,8000
909,Kerala Backwaters,Kerala,Nature,8.740400669784297,Sep-Mar,8500
910,Leh Ladakh,Jammu and Kashmir,Adventure,8.569335477200543,Apr-Jun,9500
911,Taj Mahal,Uttar Pradesh,Historical,7.685181358142892,Nov-Feb,7000
912,Goa Beaches,Goa,Beach,9.4380138836961,Nov-Mar,9000
913,Jaipur City,Rajasthan,City,7.58801460622224,Oct-Mar,8000
914,Kerala Backwaters,Kerala,Nature,9.285417260653366,Sep-Mar,8500
915,Leh Ladakh,Jammu and Kashmir,Adventure,7.85112195819902,Apr-Jun,9500
916,Taj Mahal,Uttar Pradesh,Historical,9.39676149780104,Nov-Feb,7000
917,Goa Beaches,Goa,Beach,7.545108072258168,Nov-Mar,9000
918,Jaipur City,Rajasthan,City,9.371201913686736,Oct-Mar,8000
919,Kerala Backwaters,Kerala,Nature,9.252136618345416,Sep-Mar,8500
920,Leh Ladakh,Jammu and Kashmir,Adventure,7.584679630283544,Apr-Jun,9500
921,Taj Mahal,Uttar Pradesh,Historical,8.685684922550122,Nov-Feb,7000
922,Goa Beaches,Goa,Beach,9.298024384615864,Nov-Mar,9000
923,Jaipur City,Rajasthan,City,7.821684368681256,Oct-Mar,8000
924,Kerala Backwaters,Kerala,Nature,8.644015149109247,Sep-Mar,8500
925,Leh Ladakh,Jammu and Kashmir,Adventure,7.801125565121017,Apr-Jun,9500
926,Taj Mahal,Uttar Pradesh,Historical,8.324741876265339,Nov-Feb,7000
927,Goa Beaches,Goa,Beach,7.741214133839709,Nov-Mar,9000
928,Jaipur City,Rajasthan,City,8.026833743679079,Oct-Mar,8000
929,Kerala Backwaters,Kerala,Nature,8.66318905277383,Sep-Mar,8500
930,Leh Ladakh,Jammu and Kashmir,Adventure,8.54331105953082,Apr-Jun,9500
931,Taj Mahal,Uttar Pradesh,Historical,9.309322896703316,Nov-Feb,7000
932,Goa Beaches,Goa,Beach,7.936004330312837,Nov-Mar,9000
933,Jaipur City,Rajasthan,City,9.274200565698507,Oct-Mar,8000
934,Kerala Backwaters,Kerala,Nature,7.904577589196294,Sep-Mar,8500
935,Leh Ladakh,Jammu and Kashmir,Adventure,8.473490132236787,Apr-Jun,9500
936,Taj Mahal,Uttar Pradesh,Historical,8.02055897257851,Nov-Feb,7000
937,Goa Beaches,Goa,Beach,8.257655225773263,Nov-Mar,9000
938,Jaipur City,Rajasthan,City,9.20608066746193,Oct-Mar,8000
939,Kerala Backwaters,Kerala,Nature,8.40872418732025,Sep-Mar,8500
940,Leh Ladakh,Jammu and Kashmir,Adventure,7.737707489631597,Apr-Jun,9500
941,Taj Mahal,Uttar Pradesh,Historical,8.645046758887661,Nov-Feb,7000
942,Goa Beaches,Goa,Beach,8.702652455921308,Nov-Mar,9000
943,Jaipur City,Rajasthan,City,9.106183997228763,Oct-Mar,8000
944,Kerala Backwaters,Kerala,Nature,9.429650079998778,Sep-Mar,8500
945,Leh Ladakh,Jammu and Kashmir,Adventure,7.537510610841785,Apr-Jun,9500
946,Taj Mahal,Uttar Pradesh,Historical,8.012249945176515,Nov-Feb,7000
947,Goa Beaches,Goa,Beach,7.619280847171351,Nov-Mar,9000
948,Jaipur City,Rajasthan,City,7.708772719956032,Oct-Mar,8000
949,Kerala Backwaters,Kerala,Nature,9.087608839185751,Sep-Mar,8500
950,Leh Ladakh,Jammu and Kashmir,Adventure,7.671909274040946,Apr-Jun,9500
951,Taj Mahal,Uttar Pradesh,Historical,8.365692888254666,Nov-Feb,7000
952,Goa Beaches,Goa,Beach,8.123015873320766,Nov-Mar,9000
953,Jaipur City,Rajasthan,City,8.321398766693164,Oct-Mar,8000
954,Kerala Backwaters,Kerala,Nature,9.192148287990324,Sep-Mar,8500
955,Leh Ladakh,Jammu and Kashmir,Adventure,8.10676258457348,Apr-Jun,9500
956,Taj Mahal,Uttar Pradesh,Historical,9.240773308493525,Nov-Feb,7000
957,Goa Beaches,Goa,Beach,9.319617878220548,Nov-Mar,9000
958,Jaipur City,Rajasthan,City,7.932950633090041,Oct-Mar,8000
959,Kerala Backwaters,Kerala,Nature,9.052548436473314,Sep-Mar,8500
960,Leh Ladakh,Jammu and Kashmir,Adventure,8.925500312367074,Apr-Jun,9500
961,Taj Mahal,Uttar Pradesh,Historical,8.385107105120452,Nov-Feb,7000
962,Goa Beaches,Goa,Beach,9.210850998967874,Nov-Mar,9000
963,Jaipur City,Rajasthan,City,8.81434371431127,Oct-Mar,8000
964,Kerala Backwaters,Kerala,Nature,8.86184135941464,Sep-Mar,8500
965,Leh Ladakh,Jammu and Kashmir,Adventure,8.636537892208446,Apr-Jun,9500
966,Taj Mahal,Uttar Pradesh,Historical,9.140527124056437,Nov-Feb,7000
967,Goa Beaches,Goa,Beach,7.528727096669634,Nov-Mar,9000
968,Jaipur City,Rajasthan,City,9.06097855232804,Oct-Mar,8000
969,Kerala Backwaters,Kerala,Nature,9.409359526915562,Sep-Mar,8500
970,Leh Ladakh,Jammu and Kashmir,Adventure,9.01310124502825,Apr-Jun,9500
971,Taj Mahal,Uttar Pradesh,Historical,8.372423129319028,Nov-Feb,7000
972,Goa Beaches,Goa,Beach,9.215187537133938,Nov-Mar,9000
973,Jaipur City,Rajasthan,City,8.565934397421195,Oct-Mar,8000
974,Kerala Backwaters,Kerala,Nature,7.686987873824284,Sep-Mar,8500
975,Leh Ladakh,Jammu and Kashmir,Adventure,8.780722103503646,Apr-Jun,9500
976,Taj Mahal,Uttar Pradesh,Historical,8.008536059147975,Nov-Feb,7000
977,Goa Beaches,Goa,Beach,8.499576395856343,Nov-Mar,9000
978,Jaipur City,Rajasthan,City,8.519173371272599,Oct-Mar,8000
979,Kerala Backwaters,Kerala,Nature,9.08174574800675,Sep-Mar,8500
980,Leh Ladakh,Jammu and Kashmir,Adventure,9.347621264963776,Apr-Jun,9500
981,Taj Mahal,Uttar Pradesh,Historical,8.732673715422088,Nov-Feb,7000
982,Goa Beaches,Goa,Beach,8.841048136040031,Nov-Mar,9000
983,Jaipur City,Rajasthan,City,9.08021631984698,Oct-Mar,8000
984,Kerala Backwaters,Kerala,Nature,7.748098699266505,Sep-Mar,8500
985,Leh Ladakh,Jammu and Kashmir,Adventure,9.034655060888772,Apr-Jun,9500
986,Taj Mahal,Uttar Pradesh,Historical,8.108715094313126,Nov-Feb,7000
987,Goa Beaches,Goa,Beach,9.499811031053753,Nov-Mar,9000
988,Jaipur City,Rajasthan,City,7.96234787124329,Oct-Mar,8000
989,Kerala Backwaters,Kerala,Nature,8.208087955185452,Sep-Mar,8500
990,Leh Ladakh,Jammu and Kashmir,Adventure,8.117425964659915,Apr-Jun,9500
991,Taj Mahal,Uttar Pradesh,Historical,8.20738838115243,Nov-Feb,7000
992,Goa Beaches,Goa,Beach,8.114747172536235,Nov-Mar,9000
993,Jaipur City,Rajasthan,City,8.19515468129691,Oct-Mar,8000
994,Kerala Backwaters,Kerala,Nature,8.165291117364324,Sep-Mar,8500
995,Leh Ladakh,Jammu and Kashmir,Adventure,7.74636736837115,Apr-Jun,9500
996,Taj Mahal,Uttar Pradesh,Historical,8.13381819081494,Nov-Feb,7000
997,Goa Beaches,Goa,Beach,8.203518828553301,Nov-Mar,9000
998,Jaipur City,Rajasthan,City,8.308435430056575,Oct-Mar,8000
999,Kerala Backwaters,Kerala,Nature,8.961740523595862,Sep-Mar,8500
1000,Leh Ladakh,Jammu and Kashmir,Adventure,8.939036209396416,Apr-Jun,9500
